part_id,part_description,luminaire_model,component_type,material,unit_cost_usd,unit_weight_kg,unit_volume_cbm,primary_supplier_id,minimum_order_qty,holding_cost_annual_pct,snapshot_id,current_stock_units,reserved_production_units,on_order_units,monthly_consumption_rate,last_replenishment_date,avg_lead_time,std_lead_time,annual_demand,daily_demand,demand_cv,std_daily_demand,annual_spend_usd,cum_spend,cum_spend_pct,abc_class,xyz_class,abc_xyz,safety_stock_95,safety_stock_98,reorder_point_rop,eoq_units,recommended_order_qty,current_stock_value_usd,current_stock_cbm,target_avg_stock_units,target_stock_value_usd,working_capital_delta_usd,net_available_units,days_of_coverage,inventory_health_status
PRT-0005,High-Efficacy LED Array MCPCB (150W),StreetStar LED 150W,Electronic,Al-backed FR4 PCB,12.5,0.28,0.0008,SUP-ELE-01,1000,0.22,5,549,296,4383,3666,2026-06-15,67.2,9.46,43992,122.2,0.85,103.87,549900.0,549900.0,9.512034202223669,A,Z,AZ,2362,2951,10574,1960,1960,6862.5,0.43920000000000003,3342.0,41775.0,-34912.5,253,2.1,HIGH_RISK_UNDERSTOCK
PRT-0003,150W Dimmable Constant Current Driver,StreetStar LED 150W,Electronic,Encapsulated PCB,18.2,0.65,0.0018,SUP-ELE-02,500,0.22,3,975,286,1860,2167,2026-06-18,48.7,8.78,26004,72.23333333333333,0.85,61.39833333333333,473272.8,1023172.8,17.698590049799886,A,Z,AZ,1260,1573,4778,1249,1249,17745.0,1.755,1884.5,34297.9,-16552.9,689,9.5,HIGH_RISK_UNDERSTOCK
PRT-0022,COB High-Lumen Density LED Chip Array,HighBay Pro Industrial 200W,Electronic,Ceramic Substrate LED,16.9,0.14,0.0004,SUP-ELE-01,500,0.22,22,638,228,2043,1418,2026-06-05,70.4,7.3,17016,47.266666666666666,0.85,40.17666666666666,287570.39999999997,1310743.2,22.672911708914526,A,Z,AZ,794,992,4122,1049,1049,10782.199999999999,0.25520000000000004,1318.5,22282.649999999998,-11500.449999999999,410,8.7,HIGH_RISK_UNDERSTOCK
PRT-0032,Circular 60W LED Ring Board 3000K,UrbanPark Architectural 60W,Electronic,Al-MCPCB,10.4,0.22,0.0011,SUP-ELE-01,600,0.22,32,1031,252,1288,2293,2026-06-03,66.9,8.59,27516,76.43333333333334,0.85,64.96833333333333,286166.4,1596909.6,27.622947323257534,A,Z,AZ,1390,1736,6504,1699,1699,10722.4,1.1341,2239.5,23290.8,-12568.4,779,10.2,HIGH_RISK_UNDERSTOCK
PRT-0039,Emergency Battery Backup Module 3-Hour,Multi-Platform Common,Electronic,LiFePO4 Pack,22.5,0.85,0.0024,SUP-ELE-03,250,0.22,39,1530,675,1600,850,2026-06-02,38.8,9.66,10200,28.333333333333332,0.85,24.083333333333332,229500.0,1826409.6,31.592781564774775,A,Z,AZ,514,642,1614,704,704,34425.0,3.6719999999999997,866.0,19485.0,14940.0,855,30.2,OPTIMAL_HEALTHY
PRT-0019,Finned Cold-Forged 6063 Aluminum Heatsink,HighBay Pro Industrial 200W,Mechanical,Extruded 6063-T6 Al,32.8,5.1,0.032,SUP-MEC-03,150,0.22,19,1840,871,1099,575,2026-06-19,29.9,5.04,6900,19.166666666666668,0.45,8.625,226319.99999999997,2052729.6,35.50760895274942,A,Y,AY,177,221,751,480,480,60351.99999999999,58.88,417.0,13677.599999999999,46674.399999999994,969,50.6,OPTIMAL_HEALTHY
PRT-0021,200W IP65 High-Efficiency DALI Driver,HighBay Pro Industrial 200W,Electronic,Potting Resin Filled SMPS,27.5,1.1,0.0032,SUP-ELE-02,300,0.22,21,96,18,589,645,2026-06-14,50.8,9.85,7740,21.5,0.85,18.275,212850.0,2265579.6,39.18943561203895,A,Z,AZ,409,511,1502,555,555,2640.0,0.30720000000000003,686.5,18878.75,-16238.75,78,3.6,HIGH_RISK_UNDERSTOCK
PRT-0013,45W Isolated High-PF Flicker-Free Driver,CleanSky Troffer 45W,Electronic,Flyback SMPS PCB,8.4,0.38,0.0012,SUP-ELE-03,600,0.2,13,823,169,1834,1830,2026-05-20,32.1,10.57,21960,61.0,0.85,51.85,184464.0,2450043.6,42.38024826357375,A,Z,AZ,1166,1457,3125,1772,1772,6913.200000000001,0.9875999999999999,2052.0,17236.8,-10323.599999999999,654,10.7,HIGH_RISK_UNDERSTOCK
PRT-0033,DALI-2 Light & Motion Sensor Head,Multi-Platform Common,Electronic,PBT / Microcontroller,14.8,0.09,0.0006,SUP-ELE-02,300,0.22,33,1113,282,720,928,2026-05-19,46.5,8.79,11136,30.933333333333334,0.85,26.293333333333333,164812.80000000002,2614856.4,45.231139317518554,A,Z,AZ,536,670,1975,906,906,16472.4,0.6678,989.0,14637.2,1835.2000000000007,831,26.9,OPTIMAL_HEALTHY
PRT-0047,Isolated Step-Down DC-DC Converter 24V,Multi-Platform Common,Electronic,Compact FR4 Board,7.6,0.15,0.0008,SUP-ELE-03,500,0.22,47,2137,636,1886,1781,2026-06-05,35.6,9.68,21372,59.36666666666667,0.85,50.461666666666666,162427.19999999998,2777283.6,48.0407648526548,A,Z,AZ,1068,1334,3182,1752,1752,16241.199999999999,1.7096,1944.0,14774.4,1466.7999999999993,1501,25.3,OPTIMAL_HEALTHY
PRT-0008,Stainless Steel 304 Captive Fasteners Kit,StreetStar LED 150W,Fastener,SS 304,1.6,0.11,0.0003,SUP-FAS-01,2000,0.22,8,7466,2705,7838,8296,2026-06-06,11.8,2.16,99552,276.53333333333336,0.25,69.13333333333334,159283.2,2936566.8000000003,50.79600625334517,A,X,AX,1058,1321,4322,8239,8239,11945.6,2.2398,5177.5,8284.0,3661.6000000000004,4761,17.2,OPTIMAL_HEALTHY
PRT-0038,Heat-Pipe Thermal Copper Core Insert,Multi-Platform Common,Mechanical,Oxygen-Free Copper C1020,9.4,0.45,0.0008,SUP-MEC-03,400,0.22,38,1693,860,2757,1411,2026-05-18,32.2,5.12,16932,47.03333333333333,0.45,21.165,159160.80000000002,3095727.6,53.54913040910672,A,Y,AY,443,553,1958,1402,1402,15914.2,1.3544,1144.0,10753.6,5160.6,833,17.7,OPTIMAL_HEALTHY
PRT-0001,Die-Cast ADC12 Luminaire Housing,StreetStar LED 150W,Mechanical,Die-cast ADC12 Al,24.5,4.2,0.038,SUP-MEC-01,200,0.22,1,624,213,882,520,2026-06-17,36.0,5.46,6240,17.333333333333332,0.45,7.8,152880.0,3248607.6,56.19361083979586,A,Y,AY,174,217,798,528,528,15288.0,23.712,438.0,10731.0,4557.0,411,23.7,OPTIMAL_HEALTHY
PRT-0040,Extruded Architectural Linear Profile 1.2m,Multi-Platform Common,Mechanical,Anodized 6063-T5 Al,15.9,1.75,0.021,SUP-MEC-03,200,0.22,40,2220,758,388,694,2026-05-11,30.0,5.71,8328,23.133333333333333,0.45,10.41,132415.2,3381022.8000000003,58.484096221309386,A,Y,AY,237,296,931,756,756,35298.0,46.620000000000005,615.0,9778.5,25519.5,1462,63.2,OPTIMAL_HEALTHY
PRT-0030,60W Programmable Midnight-Dimming Driver,UrbanPark Architectural 60W,Electronic,Electronic PCB,15.2,0.52,0.0016,SUP-ELE-02,400,0.22,30,607,201,505,675,2026-06-13,46.5,8.19,8100,22.5,0.85,19.125,123120.0,3504142.8000000003,60.61379553205276,A,Z,AZ,372,464,1419,763,763,9226.4,0.9712000000000001,753.5,11453.199999999999,-2226.7999999999993,406,18.0,HIGH_RISK_UNDERSTOCK
PRT-0034,Die-Cast Wall Mounting Swivel Arm,Multi-Platform Common,Mechanical,Die-cast ADC12 Al,13.6,2.1,0.015,SUP-MEC-01,200,0.22,34,2259,625,717,706,2026-05-31,39.2,6.3,8472,23.533333333333335,0.45,10.590000000000002,115219.2,3619362.0000000005,62.606828758371826,A,Y,AY,268,334,1191,825,825,30722.399999999998,33.885,680.5,9254.8,21467.6,1634,69.4,OPTIMAL_HEALTHY
PRT-0027,Spun Aluminum Decorative Canopy Hood,UrbanPark Architectural 60W,Mechanical,Deep Drawn 5052 Al,19.4,2.3,0.042,SUP-MEC-04,150,0.22,27,1513,547,625,473,2026-05-25,48.2,5.63,5676,15.766666666666667,0.45,7.095000000000001,110114.4,3729476.4000000004,64.5115604167776,A,Y,AY,167,209,927,565,565,29352.199999999997,63.54600000000001,449.5,8720.3,20631.899999999998,966,61.3,OPTIMAL_HEALTHY
PRT-0006,Type II Medium Road Optical Lens 48-LED,StreetStar LED 150W,Optics,Optical Grade PMMA,5.4,0.31,0.0022,SUP-OPT-01,400,0.22,6,1959,438,2951,1633,2026-05-14,40.3,4.48,19596,54.43333333333333,0.5,27.216666666666665,105818.40000000001,3835294.8000000003,66.34198092964282,A,Y,AY,492,615,2686,1990,1990,10578.6,4.3098,1487.0,8029.8,2548.8,1521,27.9,OPTIMAL_HEALTHY
PRT-0014,Linear LED Boards Array 45W 4000K,CleanSky Troffer 45W,Electronic,FR4 PCB,6.8,0.16,0.0006,SUP-ELE-01,800,0.2,14,1510,671,2050,1259,2026-06-10,68.2,7.06,15108,41.96666666666667,0.85,35.67166666666667,102734.4,3938029.2,68.11905517322333,A,Z,AZ,688,859,3551,1633,1633,10268.0,0.9059999999999999,1504.5,10230.6,37.399999999999636,839,20.0,HIGH_RISK_UNDERSTOCK
PRT-0015,Microprismatic Glare-Control Diffuser,CleanSky Troffer 45W,Optics,Extruded Polycarbonate,4.3,0.72,0.018,SUP-OPT-02,500,0.2,15,828,230,3401,1842,2026-05-22,37.5,4.33,22104,61.4,0.5,30.7,95047.2,4033076.4000000004,69.76315813235335,A,Y,AY,536,670,2839,2484,2484,3560.3999999999996,14.903999999999998,1778.0,7645.4,-4085.0,598,9.7,HIGH_RISK_UNDERSTOCK
PRT-0031,Circular Symmetric Radial Distribution Lens,UrbanPark Architectural 60W,Optics,Molded PMMA,6.2,0.29,0.0028,SUP-OPT-01,350,0.22,31,1117,248,947,1242,2026-05-12,39.3,4.23,14904,41.4,0.5,20.7,92404.8,4125481.2,71.36155350978495,A,Y,AY,359,448,1987,1620,1620,6925.400000000001,3.1276,1169.0,7247.8,-322.39999999999964,869,21.0,OPTIMAL_HEALTHY
PRT-0045,Internal Cable Routing Strain Relief Glands,Multi-Platform Common,Fastener,Polyamide PA66,0.85,0.035,0.0002,SUP-FAS-01,2000,0.22,45,10608,2416,8633,8840,2026-05-16,12.4,2.59,106080,294.6666666666667,0.25,73.66666666666667,90168.0,4215649.2,72.92125727400773,A,X,AX,1326,1657,4980,11669,11669,9016.8,2.1216,7160.5,6086.425,2930.374999999999,8192,27.8,OPTIMAL_HEALTHY
PRT-0035,Photocell Twist-Lock Dusk-to-Dawn Switch,Multi-Platform Common,Electronic,Polycarbonate Housing,5.2,0.11,0.0007,SUP-ELE-04,500,0.22,35,602,218,913,1339,2026-06-22,71.1,8.07,16068,44.63333333333333,0.85,37.93833333333333,83553.6,4299202.8,74.3665467828619,A,Z,AZ,793,990,3967,1837,1837,3130.4,0.4214,1711.5,8899.800000000001,-5769.4000000000015,384,8.6,HIGH_RISK_UNDERSTOCK
PRT-0036,Pressure Equalization Breather Vent IP68,Multi-Platform Common,Fastener,ePTFE Membrane,1.8,0.02,0.0001,SUP-FAS-01,1500,0.22,36,4562,2086,7306,3802,2026-06-03,12.9,2.66,45624,126.73333333333333,0.25,31.683333333333334,82123.2,4381326.0,75.78709358627353,A,X,AX,586,732,2221,5259,5259,8211.6,0.4562,3215.5,5787.900000000001,2423.7,2476,19.5,OPTIMAL_HEALTHY
PRT-0011,2x2 Deep Drawn CRCA Steel Housing,CleanSky Troffer 45W,Mechanical,Sheet Metal CRCA Steel,11.2,3.4,0.045,SUP-MEC-03,250,0.2,11,90,17,629,600,2026-05-15,29.2,7.43,7200,20.0,0.45,9.0,80640.0,4461966.0,77.18198436290076,A,Y,AY,258,322,842,879,879,1007.9999999999999,4.05,697.5,7811.999999999999,-6803.999999999999,73,3.6,HIGH_RISK_UNDERSTOCK
PRT-0043,Zaga-Book 18 Compliant Sensor Receptacle,Multi-Platform Common,Electronic,High-Temp Polymer,4.1,0.07,0.0004,SUP-ELE-01,500,0.22,43,702,324,2578,1562,2026-06-11,66.7,9.54,18744,52.06666666666667,0.85,44.25666666666667,76850.4,4538816.4,78.51132357594781,A,Z,AZ,1011,1263,4484,2234,2234,2878.2,0.2808,2128.0,8724.8,-5846.599999999999,378,7.3,HIGH_RISK_UNDERSTOCK
PRT-0002,Adjustable Mast Tenon Bracket,StreetStar LED 150W,Mechanical,Galvanized Steel,7.8,1.85,0.0095,SUP-MEC-03,300,0.22,2,363,66,1315,807,2026-05-28,28.6,6.06,9684,26.9,0.45,12.105,75535.2,4614351.600000001,79.81791278466179,A,Y,AY,289,361,1059,1164,1164,2831.4,3.4485,871.0,6793.8,-3962.4,297,11.0,HIGH_RISK_UNDERSTOCK
PRT-0024,Heavy-Duty Cast Forged Eye-Bolt Hanger,HighBay Pro Industrial 200W,Fastener,Drop Forged Steel,2.4,0.32,0.0006,SUP-FAS-01,1000,0.22,24,8275,3375,2423,2586,2026-06-19,12.6,2.78,31032,86.2,0.25,21.55,74476.8,4688828.4,81.1061940519325,B,X,BX,414,517,1501,3756,3756,19860.0,4.965,2292.0,5500.8,14359.2,4900,56.8,OVERSTOCKED_CAPITAL_TRAP
PRT-0046,Elliptical Beam Narrow Distribution Optic,Multi-Platform Common,Optics,Optical Grade Polycarbonate,5.9,0.28,0.0025,SUP-OPT-03,350,0.22,46,151,77,1052,1010,2026-06-14,21.6,4.94,12120,33.666666666666664,0.5,16.833333333333332,71508.0,4760336.4,82.343121751028,B,Y,BY,303,378,1031,1497,1497,890.9000000000001,0.3775,1051.5,6203.85,-5312.950000000001,74,2.2,HIGH_RISK_UNDERSTOCK
PRT-0026,Internal Thermal Interface Phase-Change Pad,HighBay Pro Industrial 200W,Mechanical,Silicone/Ceramic Composite,1.15,0.015,0.0001,SUP-MEC-01,2000,0.22,26,4605,1898,8597,5117,2026-05-23,36.7,5.49,61404,170.56666666666666,0.45,76.755,70614.59999999999,4830951.0,83.56459563787348,B,Y,BY,1720,2149,7980,7633,7633,5295.75,0.4605,5536.5,6366.974999999999,-1071.2249999999995,2707,15.9,OPTIMAL_HEALTHY
PRT-0042,Quick-Mount Louver Spring Retainers,Multi-Platform Common,Fastener,Spring Steel 65Mn,0.55,0.018,0.0001,SUP-FAS-01,4000,0.22,42,1602,449,15091,10686,2026-06-11,12.5,2.21,128232,356.2,0.25,89.05,70527.6,4901478.6,84.78456462023527,B,X,BX,1395,1743,5848,15949,15949,881.1,0.1602,9369.5,5153.225,-4272.125,1153,3.2,HIGH_RISK_UNDERSTOCK
PRT-0018,Safety Suspension Aircraft Wire Clips,CleanSky Troffer 45W,Fastener,Galvanized Steel Cable,1.1,0.06,0.0002,SUP-FAS-01,1500,0.2,18,9282,4731,6074,5157,2026-05-31,12.1,3.42,61884,171.9,0.25,42.975,68072.40000000001,4969551.0,85.96206416020155,B,X,BX,998,1247,3078,8217,8217,10210.2,1.8564,5106.5,5617.150000000001,4593.05,4551,26.5,OPTIMAL_HEALTHY
PRT-0016,Push-Fit Quick Disconnect Terminal Block,CleanSky Troffer 45W,Electronic,Nylon 66 / Copper,0.65,0.025,0.0001,SUP-ELE-03,2500,0.2,16,7749,1331,9120,8611,2026-05-26,35.0,9.94,103332,287.03333333333336,0.85,243.97833333333335,67165.8,5036716.8,87.12388155758237,B,Z,BZ,5260,6571,15307,13812,13812,5036.85,0.7749,12166.0,7907.900000000001,-2871.05,6418,22.4,OPTIMAL_HEALTHY
PRT-0020,Cast Aluminum Driver Enclosure Box,HighBay Pro Industrial 200W,Mechanical,Die-cast ADC12 Al,14.5,1.65,0.0085,SUP-MEC-02,200,0.22,20,436,80,395,364,2026-06-12,56.7,4.72,4368,12.133333333333333,0.45,5.46,63336.0,5100052.8,88.219452021725,B,Y,BY,116,145,804,574,574,6322.0,3.7060000000000004,403.0,5843.5,478.5,356,29.3,OPTIMAL_HEALTHY
PRT-0023,90-Degree Specular Aluminum Reflector,HighBay Pro Industrial 200W,Optics,Spun Anodized Aluminum,8.2,0.58,0.024,SUP-OPT-03,250,0.22,23,2057,754,448,643,2026-06-01,20.0,3.91,7716,21.433333333333334,0.5,10.716666666666667,63271.2,5163324.0,89.31390159149358,B,Y,BY,159,199,588,1014,1014,16867.399999999998,49.368,666.0,5461.2,11406.199999999997,1303,60.8,OVERSTOCKED_CAPITAL_TRAP
PRT-0007,Silicone Weatherproof Gasket Seal,StreetStar LED 150W,Fastener,EPDM/Silicone,1.25,0.045,0.0002,SUP-FAS-01,1500,0.22,7,13113,1974,5905,4098,2026-05-30,13.1,2.68,49176,136.6,0.25,34.15,61470.0,5224794.0,90.3771944491235,B,X,BX,636,795,2426,6552,6552,16391.25,2.6226000000000003,3912.0,4890.0,11501.25,11139,81.5,OVERSTOCKED_CAPITAL_TRAP
PRT-0028,Clear Cylindrical Impact-Resistant Enclosure,UrbanPark Architectural 60W,Optics,PMMA Acrylic Cylinder,11.5,1.45,0.028,SUP-OPT-01,200,0.22,28,198,100,422,440,2026-06-07,40.1,3.32,5280,14.666666666666666,0.5,7.333333333333333,60720.0,5285514.0,91.42751399223864,B,Y,BY,111,139,700,708,708,2277.0,5.5440000000000005,465.0,5347.5,-3070.5,98,6.7,HIGH_RISK_UNDERSTOCK
PRT-0029,Cast Decorative Pole Base Adapter 76mm,UrbanPark Architectural 60W,Mechanical,Die-cast ADC12 Al,16.3,2.8,0.019,SUP-MEC-01,150,0.22,29,262,141,483,292,2026-06-20,37.9,5.74,3504,9.733333333333333,0.45,4.38,57115.200000000004,5342629.2,92.41547859647004,B,Y,BY,103,128,472,485,485,4270.6,4.978,345.5,5631.650000000001,-1361.0500000000002,121,12.4,HIGH_RISK_UNDERSTOCK
PRT-0041,Frosted Opal Anti-Glare Extruded Diffuser,Multi-Platform Common,Optics,Impact Modified Acrylic,4.9,0.48,0.011,SUP-OPT-02,300,0.22,41,814,130,1290,905,2026-06-09,36.2,3.38,10860,30.166666666666668,0.5,15.083333333333334,53214.00000000001,5395843.2,93.33596120792144,B,Y,BY,225,281,1318,1555,1555,3988.6000000000004,8.953999999999999,1002.5,4912.25,-923.6499999999996,684,22.7,OPTIMAL_HEALTHY
PRT-0050,Polycarbonate Clear Protective Dome Cover,Multi-Platform Common,Optics,UV-Stabilized Makrolon PC,7.2,0.62,0.009,SUP-OPT-01,250,0.22,50,1721,926,611,538,2026-05-28,40.3,4.23,6456,17.933333333333334,0.5,8.966666666666667,46483.200000000004,5442326.4,94.14001610559158,B,Y,BY,157,195,880,990,990,12391.2,15.488999999999999,652.0,4694.400000000001,7696.8,795,44.3,OPTIMAL_HEALTHY
PRT-0017,Earth Continuity Grounding Harness,CleanSky Troffer 45W,Fastener,Copper Braided Wire,0.45,0.03,0.0001,SUP-FAS-01,3000,0.2,17,15143,7296,10139,8413,2026-05-20,13.0,2.39,100956,280.43333333333334,0.25,70.10833333333333,45430.200000000004,5487756.600000001,94.92585646968298,B,X,BX,1179,1473,4825,16408,16408,6814.35,1.5143,9383.0,4222.35,2592.0,7847,28.0,OPTIMAL_HEALTHY
PRT-0049,High-Temperature Silicone Potting Gel (1kg),Multi-Platform Common,Fastener,Two-Part Silicone,6.5,1.05,0.0011,SUP-FAS-01,300,0.22,49,687,306,643,573,2026-05-26,13.2,2.41,6876,19.1,0.25,4.775,44694.0,5532450.600000001,95.6989622282467,C,X,CX,81,102,334,1075,1075,4465.5,0.7557,618.5,4020.25,445.25,381,19.9,OPTIMAL_HEALTHY
PRT-0037,Asymmetric Forward-Throw Batwing Lens,Multi-Platform Common,Optics,Optical PMMA,6.8,0.34,0.0031,SUP-OPT-01,300,0.22,37,1644,605,648,514,2026-05-13,40.1,4.37,6168,17.133333333333333,0.5,8.566666666666666,41942.4,5574393.000000001,96.42447149051864,C,Y,CY,153,191,841,995,995,11179.199999999999,5.0964,650.5,4423.4,6755.799999999999,1039,60.6,OPTIMAL_HEALTHY
PRT-0009,4mm Toughened Protective Glass Plate,StreetStar LED 150W,Optics,Tempered Soda-Lime Glass,3.9,0.95,0.0035,SUP-OPT-03,250,0.22,9,1575,577,1480,875,2026-05-11,21.5,4.27,10500,29.166666666666668,0.5,14.583333333333334,40950.0,5615343.000000001,97.13281446302467,C,Y,CY,234,292,862,1714,1714,6142.5,5.5125,1091.0,4254.9,1887.6000000000004,998,34.2,OPTIMAL_HEALTHY
PRT-0048,Sheet Metal Reflector Clip Brackets,Multi-Platform Common,Mechanical,Zinc-Plated Steel,1.4,0.095,0.0005,SUP-MEC-03,1000,0.22,48,2104,1138,4235,2338,2026-06-18,30.9,6.96,28056,77.93333333333334,0.45,35.07,39278.399999999994,5654621.400000001,97.81224251214019,C,Y,CY,949,1185,3358,4676,4676,2945.6,1.052,3287.0,4601.799999999999,-1656.1999999999994,966,12.4,OPTIMAL_HEALTHY
PRT-0004,IP66 Surge Protection Device 10kV,StreetStar LED 150W,Electronic,Electronic Module,4.1,0.12,0.0004,SUP-ELE-03,500,0.22,4,2003,544,973,626,2026-05-18,35.7,8.63,7512,20.866666666666667,0.85,17.736666666666668,30799.199999999997,5685420.6000000015,98.34499945667761,C,Z,CZ,344,430,1089,1414,1414,8212.3,0.8012,1051.0,4309.099999999999,3903.2,1459,69.9,OPTIMAL_HEALTHY
PRT-0025,Optical Grade Polycarbonate Protection Lens,HighBay Pro Industrial 200W,Optics,Molded Polycarbonate,4.8,0.42,0.0045,SUP-OPT-02,400,0.22,25,229,110,651,509,2026-06-02,37.1,3.9,6108,16.966666666666665,0.5,8.483333333333333,29318.399999999998,5714739.000000002,98.8521418890371,C,Y,CY,139,173,769,1179,1179,1099.2,1.0305,728.5,3496.7999999999997,-2397.5999999999995,119,7.0,HIGH_RISK_UNDERSTOCK
PRT-0010,NEMA 7-Pin Smart Lighting Receptacle,StreetStar LED 150W,Electronic,PBT / Phosphor Bronze,3.1,0.085,0.0005,SUP-ELE-04,500,0.22,10,659,292,426,733,2026-05-11,70.8,6.68,8796,24.433333333333334,0.85,20.768333333333334,27267.600000000002,5742006.6000000015,99.32381009018741,C,Z,CZ,394,492,2124,1760,1760,2042.9,0.3295,1274.0,3949.4,-1906.5,367,15.0,HIGH_RISK_UNDERSTOCK
PRT-0012,White Powder-Coated Steel Gear Tray,CleanSky Troffer 45W,Mechanical,Cold Rolled Steel,5.6,1.2,0.012,SUP-MEC-03,300,0.2,12,360,79,535,400,2026-06-19,30.6,7.39,4800,13.333333333333334,0.45,6.0,26880.0,5768886.6000000015,99.78877368239648,C,Y,CY,172,214,580,1015,1015,2015.9999999999998,4.32,679.5,3805.2,-1789.2,281,21.1,OPTIMAL_HEALTHY
PRT-0044,Corrosion-Proof Marine Coating Primer Base,Multi-Platform Common,Mechanical,Epoxy-Phenolic,3.2,0.35,0.0015,SUP-MEC-04,250,0.22,44,572,280,481,318,2026-06-18,45.6,6.32,3816,10.6,0.45,4.77,12211.2,5781097.800000002,100.00000000000003,C,Y,CY,123,153,607,1141,1141,1830.4,0.858,693.5,2219.2000000000003,-388.8000000000002,292,27.5,OPTIMAL_HEALTHY
