supplier_id,total_orders,otif_rate,on_time_rate,in_full_rate,avg_actual_lead_time,std_lead_time,avg_delay_days,avg_defect_rate,supplier_name,category,country_origin,reliability_tier,contracted_lead_time_days,payment_terms,esg_compliance_score,otif_pct,avg_defect_pct
SUP-ELE-01,128,0.3671875,0.421875,0.90625,67.7,8.46,2.7,0.00893125,OptoDrive Semiconductors (Hsinchu),Electronic,Taiwan,Tier 1,65,Net 30,9.4,36.72,0.89
SUP-ELE-02,106,0.32075471698113206,0.3584905660377358,0.8679245283018868,48.0,8.93,3.0,0.009928301886792452,EuroPower Driver Systems (Eindhoven),Electronic,Netherlands,Tier 1,45,Net 60,9.7,32.08,0.99
SUP-ELE-03,142,0.2746478873239437,0.30985915492957744,0.8802816901408451,35.2,9.78,5.2,0.00877887323943662,Bharat Micro-Electronics (Bangalore),Electronic,India,Tier 2,30,Net 45,8.0,27.46,0.88
SUP-ELE-04,54,0.1111111111111111,0.1111111111111111,0.9259259259259259,71.0,7.37,11.0,0.043477777777777775,Shenzhen SolidLED Components,Electronic,China,Tier 3,60,Net 30,6.8,11.11,4.35
SUP-FAS-01,263,0.7186311787072244,0.7756653992395437,0.908745247148289,12.6,2.61,-1.4,0.007527756653992396,Unifast Hardware & Gaskets (Faridabad),Fastener,India,Tier 1,14,Net 30,9.2,71.86,0.75
SUP-MEC-01,104,0.28846153846153844,0.33653846153846156,0.8653846153846154,37.5,5.79,2.5,0.01969326923076923,Precision Castings Ltd (Pune),Mechanical,India,Tier 1,35,Net 60,8.9,28.85,1.97
SUP-MEC-02,21,0.047619047619047616,0.047619047619047616,0.9047619047619048,56.7,4.72,6.7,0.02115238095238095,Delta Die-Castings (Suzhou),Mechanical,China,Tier 2,50,Net 45,7.4,4.76,2.12
SUP-MEC-03,171,0.3216374269005848,0.391812865497076,0.8771929824561403,30.2,6.25,2.2,0.02047251461988304,Apex Extrusions & Metals (Gujarat),Mechanical,India,Tier 1,28,Net 60,9.1,32.16,2.05
SUP-MEC-04,60,0.21666666666666667,0.26666666666666666,0.8833333333333333,46.7,6.13,4.7,0.026143333333333334,Vietnam Alloy Tech (Hai Phong),Mechanical,Vietnam,Tier 2,42,Net 60,8.2,21.67,2.61
SUP-OPT-01,170,0.5235294117647059,0.5764705882352941,0.8705882352941177,40.1,4.16,0.1,0.007536470588235294,PolymerOptics Global (Munich),Optics,Germany,Tier 1,40,Net 60,9.5,52.35,0.75
SUP-OPT-02,78,0.3333333333333333,0.3717948717948718,0.8846153846153846,36.9,3.84,1.9,0.006878205128205128,ClearVision Optical Molding (Dongguan),Optics,China,Tier 2,35,Net 45,7.9,33.33,0.69
SUP-OPT-03,98,0.4897959183673469,0.5,0.9183673469387755,21.1,4.47,0.1,0.007192857142857142,IndoOptics PolyPlast (Chennai),Optics,India,Tier 1,21,Net 60,8.7,48.98,0.72
