snapshot_id,part_id,current_stock_units,reserved_production_units,on_order_units,monthly_consumption_rate,last_replenishment_date
1,PRT-0001,624,213,882,520,2026-06-17
2,PRT-0002,363,66,1315,807,2026-05-28
3,PRT-0003,975,286,1860,2167,2026-06-18
4,PRT-0004,2003,544,973,626,2026-05-18
5,PRT-0005,549,296,4383,3666,2026-06-15
6,PRT-0006,1959,438,2951,1633,2026-05-14
7,PRT-0007,13113,1974,5905,4098,2026-05-30
8,PRT-0008,7466,2705,7838,8296,2026-06-06
9,PRT-0009,1575,577,1480,875,2026-05-11
10,PRT-0010,659,292,426,733,2026-05-11
11,PRT-0011,90,17,629,600,2026-05-15
12,PRT-0012,360,79,535,400,2026-06-19
13,PRT-0013,823,169,1834,1830,2026-05-20
14,PRT-0014,1510,671,2050,1259,2026-06-10
15,PRT-0015,828,230,3401,1842,2026-05-22
16,PRT-0016,7749,1331,9120,8611,2026-05-26
17,PRT-0017,15143,7296,10139,8413,2026-05-20
18,PRT-0018,9282,4731,6074,5157,2026-05-31
19,PRT-0019,1840,871,1099,575,2026-06-19
20,PRT-0020,436,80,395,364,2026-06-12
21,PRT-0021,96,18,589,645,2026-06-14
22,PRT-0022,638,228,2043,1418,2026-06-05
23,PRT-0023,2057,754,448,643,2026-06-01
24,PRT-0024,8275,3375,2423,2586,2026-06-19
25,PRT-0025,229,110,651,509,2026-06-02
26,PRT-0026,4605,1898,8597,5117,2026-05-23
27,PRT-0027,1513,547,625,473,2026-05-25
28,PRT-0028,198,100,422,440,2026-06-07
29,PRT-0029,262,141,483,292,2026-06-20
30,PRT-0030,607,201,505,675,2026-06-13
31,PRT-0031,1117,248,947,1242,2026-05-12
32,PRT-0032,1031,252,1288,2293,2026-06-03
33,PRT-0033,1113,282,720,928,2026-05-19
34,PRT-0034,2259,625,717,706,2026-05-31
35,PRT-0035,602,218,913,1339,2026-06-22
36,PRT-0036,4562,2086,7306,3802,2026-06-03
37,PRT-0037,1644,605,648,514,2026-05-13
38,PRT-0038,1693,860,2757,1411,2026-05-18
39,PRT-0039,1530,675,1600,850,2026-06-02
40,PRT-0040,2220,758,388,694,2026-05-11
41,PRT-0041,814,130,1290,905,2026-06-09
42,PRT-0042,1602,449,15091,10686,2026-06-11
43,PRT-0043,702,324,2578,1562,2026-06-11
44,PRT-0044,572,280,481,318,2026-06-18
45,PRT-0045,10608,2416,8633,8840,2026-05-16
46,PRT-0046,151,77,1052,1010,2026-06-14
47,PRT-0047,2137,636,1886,1781,2026-06-05
48,PRT-0048,2104,1138,4235,2338,2026-06-18
49,PRT-0049,687,306,643,573,2026-05-26
50,PRT-0050,1721,926,611,538,2026-05-28
